Workbook

Sheet Lakes of Oklahoma Data
A1: LAKE NAME | B1: YEAR BUILT | C1: AUTHORITY | D1: PLANNING REGION | E1: COUNTY | F1: Level III Ecoregion | G1: STREAM | H1: LATITUDE | I1: LONGITUDE | J1: NORMAL ELEVATION (ft) | K1: NORMAL AREA (ac) | L1: NORMAL CAPACITY (ac-ft) | M1: SHORELINE (mi) | N1: Max Depth (m) | O1: MAX DEPTH (ft) | P1: DESIGNATED BENEFICIAL USES* | Q1: Totol Phosphorus Ecoregional Threshold | R1: Total Nitrogent Ecoregional Threshold (based on DOC of 8.5) | S1: unit
A2: Hobart/Rocky | B2: 1933 | C2: City of Hobart | D2: Southwest | E2: Washita | F2: =VLOOKUP(E2,Sheet1!$A$1:$B$83,2) -> Central Great Plains | G2: Little Elk Creek | H2: 35.16619 | I2: -99.07131 | J2: 1634 | K2: 347 | L2: 4210 | M2: 8.4 | N2: =O2/3.28084 -> 3.1089599 | O2: 10.2 | P2: FW, R, WS | Q2: 59 | R2: 1000 | S2: ug
A3: Evan Chambers | B3: 1965 | C3: OK Dept. of Wildlife | D3: Panhandle | E3: Beaver | F3: Southwestern Tablelands | G3: Mexico Creek | H3: 36.72941 | I3: -100.21495 | J3: 2322 | K3: 89 | L3: 708 | M3: 3.5 | N3: =O3/3.28084 -> 3.3527999 | O3: 11 | P3: not available | Q3: 30 | R3: 770 | S3: ug
A4: Dave Boyer | B4: 1936 | C4: City of Walters | D4: Beaver-Cache | E4: Cotton | F4: =VLOOKUP(E4,Sheet1!$A$1:$B$83,2) -> Central Great Plains | G4: East Cache Creek Tributary | H4: 34.37268 | I4: -98.33157 | J4: 1012 | K4: 121 | L4: 936 | M4: 2.3 | N4: =O4/3.28084 -> 4.2062399 | O4: 13.8 | P4: FW, R, WS, AG, AES | Q4: 55 | R4: 1000 | S4: ug
A5: Taylor | B5: 1960 | C5: City of Marlow (leased) | D5: Lower Washita | E5: Grady | F5: =VLOOKUP(E5,Sheet1!$A$1:$B$83,2) -> Cross Timbers | G5: Rush Creek | H5: 34.75233 | I5: -97.92453 | J5: 1255 | K5: 227 | L5: 1877 | M5: 5.9 | N5: =O5/3.28084 -> 4.6939198 | O5: 15.4 | P5: FW, R, WS | Q5: 26 | R5: 760 | S5: ug
A6: Great Salt Plains | B6: 1941 | C6: Army Corps of Engineers | D6: Upper Arkansas | E6: Alfalfa | F6: Central Great Plains | G6: Salt Fork of the Arkansas River | H6: 36.74229 | I6: -98.13351 | J6: 1125 | K6: 8690 | L6: 13900 | M6: 25 | N6: =O6/3.28084 -> 4.8767998 | O6: 16 | P6: FW, R | Q6: 55 | R6: 1000 | S6: ug
A7: Tecumseh | B7: 1934 | C7: City of Tecumseh | D7: Central | E7: Pottawatomie | F7: Cross Timbers | G7: Squirrel Creek Tributary | H7: 35.28919 | I7: -96.95815 | J7: 1016 | K7: 127 | L7: 1118 | M7: 3.1 | N7: =O7/3.28084 -> 4.9072798 | O7: 16.1 | P7: FW, R, WS | Q7: 26 | R7: 760 | S7: ug
A8: Overholser | B8: 1919 | C8: City of Oklahoma City | D8: Central | E8: Oklahoma | F8: =VLOOKUP(E8,Sheet1!$A$1:$B$83,2) -> Central Great Plains | G8: North Canadian River | H8: 35.4852 | I8: -97.67012 | J8: 1241 | K8: 1581 | L8: 13526 | M8: 7.3 | N8: =O8/3.28084 -> 5.1511198 | O8: 16.9 | P8: FW, R, WS | Q8: 51 | R8: 1000 | S8: ug
A9: Elmer | B9: 1962 | C9: OK Dept. of Wildlife | D9: Central | E9: Kingfisher | F9: Central Great Plains | G9: Kingfisher Creek Tributary | H9: 35.8817 | I9: -97.98847 | J9: 1122 | K9: 37.9 | L9: 1080 | M9: 2.2 | N9: =O9/3.28084 -> 5.4863998 | O9: 18 | P9: not available | Q9: 51 | R9: 1000 | S9: ug
A10: Wiley Post Memorial | B10: 1971 | C10: City of Maysville | D10: Lower Washita | E10: McClain | F10: =VLOOKUP(E10,Sheet1!$A$1:$B$83,2) -> Central Great Plains | G10: Gaddis Creek | H10: 34.86571 | I10: -97.38562 | J10: 965 | K10: 302 | L10: 2082 | M10: 5.6 | N10: =O10/3.28084 -> 5.6083198 | O10: 18.4 | P10: FW, R, WS | Q10: 51 | R10: 1000 | S10: ug
A11: El Reno | B11: 1966 | C11: City of El Reno | D11: Central | E11: Canadian | F11: =VLOOKUP(E11,Sheet1!$A$1:$B$83,2) -> Central Great Plains | G11: Fourmile Creek | H11: 35.52301 | I11: -97.98681 | J11: 1363 | K11: 170 | L11: 709 | M11: 4.4 | N11: =O11/3.28084 -> 5.7911998 | O11: 19 | P11: AG, AES, FW, R | Q11: 51 | R11: 1000 | S11: ug
A12: Dahlgren | B12: 1953 | C12: OK Dept. of Wildlife | D12: Central | E12: Cleveland | F12: Central Great Plains | G12: Helsel Creek | H12: 35.05691 | I12: -97.19797 | J12: 1112 | K12: 22 | L12: 222 | M12: 1 | N12: =O12/3.28084 -> 5.7911998 | O12: 19 | P12: not available | Q12: 51 | R12: 1000 | S12: ug
A13: Hulah | B13: 1951 | C13: Army Corps of Engineers | D13: Middle Arkansas | E13: Osage | F13: =VLOOKUP(E13,Sheet1!$A$1:$B$83,2) -> Cross Timbers | G13: Caney River | H13: 36.93609 | I13: -96.07436 | J13: 733 | K13: 2635 | L13: 15968 | M13: 27.3 | N13: =O13/3.28084 -> 6.1569598 | O13: 20.2 | P13: FW, R, WS | Q13: 25 | R13: 760 | S13: ug
A14: Ozzie Cobb | B14: 1958 | C14: OK Dept. of Wildlife | D14: Southeast | E14: Pushmataha | F14: Ouachita Mountains | G14: Rock Creek | H14: 34.24477 | I14: -95.38522 | J14: 513 | K14: 58 | L14: 833 | M14: 3.1 | N14: =O14/3.28084 -> 6.7055998 | O14: 22 | P14: FW, R | Q14: 18 | R14: 600 | S14: ug
A15: Raymond Gary | B15: 1956 | C15: OK Dept. of Wildlife | D15: Southeast | E15: Choctaw | F15: South Central Plains | G15: Gates Creek | H15: 33.99407 | I15: -95.25602 | J15: 401 | K15: 263 | L15: 1681 | M15: 10.1 | N15: =O15/3.28084 -> 6.7055998 | O15: 22 | P15: FW, R, WS | Q15: 27 | R15: 530 | S15: ug
A16: Boomer | B16: 1932 | C16: City of Stillwater | D16: Upper Arkansas | E16: Payne | F16: =VLOOKUP(E16,Sheet1!$A$1:$B$83,2) -> Central Great Plains | G16: Boomer Creek | H16: 36.14721 | I16: -97.06769 | J16: 910 | K16: 223 | L16: 1484 | M16: 10.1 | N16: =O16/3.28084 -> 6.7360798 | O16: 22.1 | P16: AG, AES, FW, R, WS | Q16: 48 | R16: 1000 | S16: ug
A17: Guthrie | B17: 1919 | C17: City of Guthrie | D17: Central | E17: Logan | F17: =VLOOKUP(E17,Sheet1!$A$1:$B$83,2) -> Central Great Plains | G17: Cottonwood Creek Tributary | H17: 35.81605 | I17: -97.44281 | J17: 982 | K17: 205 | L17: 2403 | M17: 5.1 | N17: =O17/3.28084 -> 6.8579998 | O17: 22.5 | P17: FW, R, WS | Q17: 48 | R17: 1000 | S17: ug
A18: New Spiro | B18: 1960 | C18: Town of Spiro | D18: Lower Arkansas | E18: LeFlore | F18: =VLOOKUP(E18,Sheet1!$A$1:$B$83,2) -> Arkansas Valley | G18: Holi-Tuska Creek | H18: 35.19649 | I18: -94.61557 | J18: 426 | K18: 250 | L18: 2023 | M18: 5.8 | N18: =O18/3.28084 -> 6.9189598 | O18: 22.7 | P18: FW, R, WS | Q18: 24 | R18: 640 | S18: ug
A19: Tom Steed | B19: 1975 | C19: Bureau of Reclamation | D19: Southwest | E19: Kiowa | F19: =VLOOKUP(E19,Sheet1!$A$1:$B$83,2) -> Central Great Plains | G19: West Otter Creek | H19: 34.74655 | I19: -98.96917 | J19: 1411 | K19: 6400 | L19: 88970 | M19: 29.7 | N19: =O19/3.28084 -> 7.1932798 | O19: 23.6 | P19: FW, R | Q19: 48 | R19: 1000 | S19: ug
A20: Purcell | B20: 1930 | C20: City of Purcell | D20: Central | E20: McClain | F20: =VLOOKUP(E20,Sheet1!$A$1:$B$83,2) -> Central Great Plains | G20: Walnut Creek Tributary | H20: 34.98876 | I20: -97.37874 | J20: 1068 | K20: 157 | L20: 2600 | M20: 4.5 | N20: =O20/3.28084 -> 7.3151998 | O20: 24 | P20: not available | Q20: 48 | R20: 1000 | S20: ug
A21: Meeker | B21: 1970 | C21: City of Meeker | D21: Central | E21: Lincoln | F21: Cross Timbers | G21: South Quapaw Creek | H21: 35.49333 | I21: -96.93685 | J21: 908 | K21: 211 | L21: 1962 | M21: 4.9 | N21: =O21/3.28084 -> 7.3761598 | O21: 24.2 | P21: FW, R, WS | Q21: 24 | R21: 760 | S21: ug
A22: Elk City | B22: 1970 | C22: City of Elk City | D22: Southwest | E22: Beckham | F22: =VLOOKUP(E22,Sheet1!$A$1:$B$83,2) -> Central Great Plains | G22: West Elk Creek | H22: 35.36536 | I22: -99.41452 | J22: 1891 | K22: 240 | L22: 2583 | M22: 6 | N22: =O22/3.28084 -> 7.4066398 | O22: 24.3 | P22: FW, R | Q22: 48 | R22: 1000 | S22: ug
A23: Pawnee | B23: 1932 | C23: City of Pawnee | D23: Upper Arkansas | E23: Pawnee | F23: =VLOOKUP(E23,Sheet1!$A$1:$B$83,2) -> Central Great Plains | G23: Skedee Creek | H23: 36.35737 | I23: -96.80806 | J23: 867 | K23: 310 | L23: 3533 | M23: 5.4 | N23: =O23/3.28084 -> 7.4066398 | O23: 24.3 | P23: FW, R, WS | Q23: 48 | R23: 1000 | S23: ug
A24: Claremore | B24: 1930 | C24: City of Claremore | D24: Middle Arkansas | E24: Rogers | F24: =VLOOKUP(E24,Sheet1!$A$1:$B$83,2) -> Central Irregular Plains | G24: Dog Creek | H24: 36.33027 | I24: -95.58189 | J24: 610 | K24: 621 | L24: 5188 | M24: 17.8 | N24: =O24/3.28084 -> 7.4066398 | O24: 24.3 | P24: AG, AES, FW, R, WS | Q24: 28 | R24: 780 | S24: ug
A25: Wetumka | B25: 1939 | C25: City of Wetumka | D25: Central | E25: Hughes | F25: =VLOOKUP(E25,Sheet1!$A$1:$B$83,2) -> Cross Timbers | G25: North Canadian River Tributary | H25: 35.28289 | I25: -96.25128 | J25: 742 | K25: 169 | L25: 1839 | M25: 5.9 | N25: =O25/3.28084 -> 7.4066398 | O25: 24.3 | P25: FW, R, WS | Q25: 24 | R25: 760 | S25: ug
A26: Vanderwork | B26: 1968 | C26: OK Dept. of Wildlife | D26: West Central | E26: Washita | F26: =VLOOKUP(E26,Sheet1!$A$1:$B$83,2) -> Central Great Plains | G26: Gyp Creek | H26: 35.16263 | I26: -98.82478 | J26: 1440 | K26: 135 | L26: 1578 | M26: 5.6 | N26: =O26/3.28084 -> 7.6199998 | O26: 25 | P26: not available | Q26: 48 | R26: 1000 | S26: ug
A27: Nanih Waiya | B27: 1958 | C27: OK Dept. of Wildlife | D27: Southeast | E27: Pushmataha | F27: Ouachita Mountains | G27: Kiamichi River Tributary | H27: 34.63246 | I27: -95.29761 | J27: 594 | K27: 104 | L27: 1064 | M27: 2.4 | N27: =O27/3.28084 -> 7.6199998 | O27: 25 | P27: FW, R | Q27: 18 | R27: 600 | S27: ug
A28: Schooler | B28: 1955 | C28: OK Dept. of Wildlife | D28: Southeast | E28: Choctaw | F28: South Central Plains | G28: South Fork Holly Creek | H28: 34.10446 | I28: -95.37149 | J28: 492 | K28: 22.6 | L28: 306 | M28: 1.4 | N28: =O28/3.28084 -> 7.6199998 | O28: 25 | P28: FW, R, WS | Q28: 27 | R28: 530 | S28: ug
A29: Duncan | B29: 1937 | C29: City of Duncan | D29: Lower Washita | E29: Stephens | F29: =VLOOKUP(E29,Sheet1!$A$1:$B$83,2) -> Cross Timbers | G29: Fitzpatrick Creek | H29: 34.5256 | I29: -97.81326 | J29: 1082 | K29: 500 | L29: 7200 | M29: 5.9 | N29: =O29/3.28084 -> 7.7114398 | O29: 25.3 | P29: FW, R, WS, AG, AES | Q29: 24 | R29: 760 | S29: ug
A30: Watonga | B30: 1955 | C30: OK Dept of Wildlife | D30: Central | E30: Blaine | F30: Central Great Plains | G30: Bitter Creek | H30: 35.94345 | I30: -98.42365 | J30: 1373 | K30: 55 | L30: 656 | M30: 2.5 | N30: =O30/3.28084 -> 7.9247997 | O30: 26 | P30: FW, R, WS | Q30: 48 | R30: 1000 | S30: ug
A31: Chandler | B31: 1954 | C31: City of Chandler | D31: Central | E31: Lincoln | F31: Cross Timbers | G31: Bellcalf Creek | H31: 35.73703 | I31: -96.91081 | J31: 892 | K31: 178 | L31: 2131 | M31: 4.2 | N31: =O31/3.28084 -> 7.9552797 | O31: 26.1 | P31: AG, AES, FW, R, WS | Q31: 24 | R31: 760 | S31: ug
A32: Liberty | B32: 1948 | C32: City of Guthrie | D32: Central | E32: Logan | F32: =VLOOKUP(E32,Sheet1!$A$1:$B$83,2) -> Central Great Plains | G32: Cottonwood Creek Tributary | H32: 35.80337 | I32: -97.46421 | J32: 992 | K32: 197 | L32: 2471 | M32: 4.8 | N32: =O32/3.28084 -> 7.9857597 | O32: 26.2 | P32: FW, R, WS | Q32: 48 | R32: 1000 | S32: ug
A33: Crowder | B33: 1959 | C33: State of OK (operated) | D33: West Central | E33: Washita | F33: =VLOOKUP(E33,Sheet1!$A$1:$B$83,2) -> Central Great Plains | G33: Cobb Creek | H33: 35.40071 | I33: -98.7007 | J33: 1520 | K33: 142 | L33: 1647 | M33: 8.2 | N33: =O33/3.28084 -> 7.9857597 | O33: 26.2 | P33: FW, R, WS, AG, AES | Q33: 48 | R33: 1000 | S33: ug
A34: Chickasha | B34: 1958 | C34: City of Chickasha | D34: Lower Washita | E34: Caddo | F34: =VLOOKUP(E34,Sheet1!$A$1:$B$83,2) -> Central Great Plains | G34: Spring Creek | H34: 35.14707 | I34: -98.13037 | J34: 1180 | K34: 1407 | L34: 17244 | M34: 12.2 | N34: =O34/3.28084 -> 8.1991197 | O34: 26.9 | P34: AG, AES, FW, R, WS | Q34: 45 | R34: 1000 | S34: ug
A35: Carter | B35: 1960 | C35: City of Madill | D35: Lower Washita | E35: Marshall | F35: Cross Timbers | G35: Glasses Creek Tributary | H35: 34.12464 | I35: -96.7954 | J35: 831 | K35: 85 | L35: 950 | M35: 3.1 | N35: =O35/3.28084 -> 8.1991197 | O35: 26.9 | P35: AG, AES, FW, R, WS | Q35: 23 | R35: 760 | S35: ug
A36: Wewoka | B36: 1925 | C36: City of Wewoka | D36: Eufaula | E36: Seminole | F36: =VLOOKUP(E36,Sheet1!$A$1:$B$83,2) -> Cross Timbers | G36: Coon Creek | H36: 35.18065 | I36: -96.52299 | J36: 827 | K36: 371 | L36: 3301 | M36: 9.9 | N36: =O36/3.28084 -> 8.2905597 | O36: 27.2 | P36: FW, R, WS | Q36: 23 | R36: 760 | S36: ug
A37: Clinton | B37: 1931 | C37: City of Clinton | D37: West Central | E37: Washita | F37: =VLOOKUP(E37,Sheet1!$A$1:$B$83,2) -> Central Great Plains | G37: Turkey Creek | H37: 35.4322 | I37: -99.21802 | J37: 1730 | K37: 283 | L37: 3140 | M37: 7.7 | N37: =O37/3.28084 -> 8.3210397 | O37: 27.3 | P37: AG, AES, FW, R, WS | Q37: 45 | R37: 1000 | S37: ug
A38: Prague | B38: 1984 | C38: City of Prague | D38: Central | E38: Lincoln | F38: Cross Timbers | G38: Sand Creek | H38: 35.52407 | I38: -96.7244 | J38: 868 | K38: 225 | L38: 2415 | M38: 5.7 | N38: =O38/3.28084 -> 8.4124797 | O38: 27.6 | P38: FW, R | Q38: 23 | R38: 760 | S38: ug
A39: Hall | B39: 1954 | C39: OK Dept. of Wildlife | D39: Southwest | E39: Harmon | F39: =VLOOKUP(E39,Sheet1!$A$1:$B$83,2) -> Central Great Plains | G39: Salt Fork of the Red River Tributary | H39: 34.83151 | I39: -99.92447 | J39: 1804 | K39: 35.7 | L39: 560 | M39: 1.6 | N39: =O39/3.28084 -> 8.8391997 | O39: 29 | P39: not available | Q39: 45 | R39: 1000 | S39: ug
A40: Burtschi | B40: 1954 | C40: OK Dept. of Wildlife | D40: Lower Washita | E40: Grady | F40: =VLOOKUP(E40,Sheet1!$A$1:$B$83,2) -> Cross Timbers | G40: East Bills Creek | H40: 34.967 | I40: -98.06392 | J40: 1207 | K40: 168 | L40: 2140 | M40: 3.9 | N40: =O40/3.28084 -> 8.8391997 | O40: 29 | P40: AG, AES, FW, R | Q40: 23 | R40: 760 | S40: ug
A41: Pauls Valley | B41: 1954 | C41: City of Pauls Valley | D41: Lower Washita | E41: Garvin | F41: Central Great Plains | G41: Washington Creek | H41: 34.76989 | I41: -97.20736 | J41: 900 | K41: 750 | L41: 8730 | M41: 8.2 | N41: =O41/3.28084 -> 9.1135197 | O41: 29.9 | P41: FW, R, WS | Q41: 45 | R41: 1000 | S41: ug
A42: Jap Beaver | B42: 1953 | C42: OK Dept. of Wildlife | D42: Beaver-Cache | E42: Jefferson | F42: Central Great Plains | G42: Beaver Creek Tributary | H42: 34.18348 | I42: -98.05748 | J42: 923 | K42: 40 | L42: 662 | M42: 1.7 | N42: =O42/3.28084 -> 9.1439997 | O42: 30 | P42: not available | Q42: 45 | R42: 1000 | S42: ug
A43: Coalgate | B43: 1965 | C43: City of Coalgate | D43: Blue-Boggy | E43: Coal | F43: =VLOOKUP(E43,Sheet1!$A$1:$B$83,2) -> Cross Timbers | G43: Coon Creek | H43: 34.57858 | I43: -96.22926 | J43: 619 | K43: 346 | L43: 3466 | M43: 13.5 | N43: =O43/3.28084 -> 9.1439997 | O43: 30 | P43: AG, AES, FW, R, WS | Q43: 23 | R43: 760 | S43: ug
A44: Talawanda 1 | B44: 1902 | C44: City of McAlester | D44: Eufaula | E44: Pittsburg | F44: Arkansas Valley | G44: Coal Creek Tributary | H44: 34.97845 | I44: -95.79443 | J44: 650 | K44: 91 | L44: 1200 | M44: 3.2 | N44: =O44/3.28084 -> 9.2049597 | O44: 30.2 | P44: FW, R, WS | Q44: 23 | R44: 640 | S44: ug
A45: Cleveland | B45: 1936 | C45: City of Cleveland | D45: Upper Arkansas | E45: Pawnee | F45: =VLOOKUP(E45,Sheet1!$A$1:$B$83,2) -> Central Great Plains | G45: Ranch Creek | H45: 36.28323 | I45: -96.57782 | J45: 763 | K45: 159 | L45: 2200 | M45: 6.8 | N45: =O45/3.28084 -> 9.2049597 | O45: 30.2 | P45: AG, AES, FW, R, WS | Q45: 45 | R45: 1000 | S45: ug
A46: Healdton City | B46: 1979 | C46: City of Healdton | D46: Lower Washita | E46: Carter | F46: =VLOOKUP(E46,Sheet1!$A$1:$B$83,2) -> Cross Timbers | G46: Oil Branch Creek | H46: 34.23733 | I46: -97.45233 | J46: 888 | K46: 324 | L46: 3231 | M46: 5.4 | N46: =O46/3.28084 -> 9.2354397 | O46: 30.3 | P46: FW, R, WS | Q46: 23 | R46: 760 | S46: ug
A47: Clear Creek | B47: 1948 | C47: City of Duncan | D47: Lower Washita | E47: Stephens | F47: =VLOOKUP(E47,Sheet1!$A$1:$B$83,2) -> Cross Timbers | G47: Clear Creek | H47: 34.5871 | I47: -97.84643 | J47: 1150 | K47: 722 | L47: 7710 | M47: 9.7 | N47: =O47/3.28084 -> 9.3878397 | O47: 30.8 | P47: AG, AES, FW, R, WS | Q47: 23 | R47: 760 | S47: ug
A48: Ardmore City | B48: 1910 | C48: City of Ardmore | D48: Lower Washita | E48: Carter | F48: =VLOOKUP(E48,Sheet1!$A$1:$B$83,2) -> Cross Timbers | G48: Caddo Creek | H48: 34.22336 | I48: -97.15814 | J48: 818 | K48: 159 | L48: 2057 | M48: 5.8 | N48: =O48/3.28084 -> 9.6621597 | O48: 31.7 | P48: AG, AES, FW, R | Q48: 23 | R48: 760 | S48: ug
A49: Heyburn | B49: 1950 | C49: Army Corps of Engineers | D49: Middle Arkansas | E49: Creek | F49: =VLOOKUP(E49,Sheet1!$A$1:$B$83,2) -> Cross Timbers | G49: Polecat Creek | H49: 35.95268 | I49: -96.30908 | J49: 761 | K49: 652 | L49: 5392 | M49: 24.6 | N49: =O49/3.28084 -> 9.6926397 | O49: 31.8 | P49: FW, R, WS | Q49: 23 | R49: 760 | S49: ug
A50: Fort Supply | B50: 1942 | C50: Army Corps of Engineers | D50: Panhandle | E50: Woodward | F50: =VLOOKUP(E50,Sheet1!$A$1:$B$83,2) -> Central Great Plains | G50: Wolf Creek | H50: 36.55475 | I50: -99.57503 | J50: 2004 | K50: 1820 | L50: 13900 | M50: 17 | N50: =O50/3.28084 -> 9.9059997 | O50: 32.5 | P50: FW, R, WS | Q50: 45 | R50: 1000 | S50: ug
A51: Wes Watkins | B51: 1997 | C51: Pott. County Dev. Auht. | D51: Central | E51: Pottawatomie | F51: Cross Timbers | G51: North Deer Creek | H51: 35.4098 | I51: -97.10742 | J51: 1074 | K51: 1142 | L51: 14065 | M51: 17 | N51: =O51/3.28084 -> 9.9059997 | O51: 32.5 | P51: FW, R, WS | Q51: 23 | R51: 760 | S51: ug
A52: Cedar | B52: 1937 | C52: US Dept. of Agriculture | D52: Lower Arkansas | E52: LeFlore | F52: =VLOOKUP(E52,Sheet1!$A$1:$B$83,2) -> Arkansas Valley | G52: Cedar Creek | H52: 34.7824 | I52: -94.69428 | J52: 718 | K52: 78 | L52: 1000 | M52: 2.6 | N52: =O52/3.28084 -> 9.9974397 | O52: 32.8 | P52: AG, AES, FW, R, WS | Q52: 23 | R52: 640 | S52: ug
A53: Copan | B53: 1983 | C53: Army Corps of Engineers | D53: Middle Arkansas | E53: Washington | F53: =VLOOKUP(E53,Sheet1!$A$1:$B$83,2) -> Central Irregular Plains | G53: Little Caney River | H53: 36.88668 | I53: -95.95154 | J53: 710 | K53: 4850 | L53: 43400 | M53: 50.7 | N53: =O53/3.28084 -> 10.2108 | O53: 33.5 | P53: FW, R, WS, AG, AES | Q53: 27 | R53: 780 | S53: ug
A54: Henryetta/Jim Hall | B54: 1928 | C54: City of Henryetta | D54: Eufaula | E54: Okmulgee | F54: Cross Timbers | G54: Wolf Creek | H54: 35.41805 | I54: -95.92383 | J54: 660 | K54: 525 | L54: 5631 | M54: 11.9 | N54: =O54/3.28084 -> 10.2108 | O54: 33.5 | P54: FW, R, WS | Q54: 23 | R54: 760 | S54: ug
A55: Cushing | B55: 1950 | C55: City of Cushing | D55: Upper Arkansas | E55: Payne | F55: =VLOOKUP(E55,Sheet1!$A$1:$B$83,2) -> Central Great Plains | G55: Big Creek | H55: 35.99183 | I55: -96.87677 | J55: 838 | K55: 591 | L55: 3044 | M55: 8 | N55: =O55/3.28084 -> 10.48512 | O55: 34.4 | P55: FW, R, WS, AG, AES | Q55: 45 | R55: 1000 | S55: ug
A56: Shawnee Twin 2 | B56: 1960 | C56: City of Shawnee | D56: Central | E56: Pottawatomie | F56: Cross Timbers | G56: South Deer Creek | H56: 35.34639 | I56: -97.06048 | J56: 1067 | K56: 1100 | L56: 11400 | M56: 9 | N56: =O56/3.28084 -> 10.60704 | O56: 34.8 | P56: FW, R, WS | Q56: 23 | R56: 760 | S56: ug
A57: Frederick | B57: 1974 | C57: City of Frederick | D57: Beaver-Cache | E57: Tillman | F57: =VLOOKUP(E57,Sheet1!$A$1:$B$83,2) -> Central Great Plains | G57: Deep Red Creek | H57: 34.51804 | I57: -98.88955 | J57: 1200 | K57: 876 | L57: 9715 | M57: 18.8 | N57: =O57/3.28084 -> 10.668 | O57: 35 | P57: not available | Q57: 45 | R57: 1000 | S57: ug
A58: McAlester | B58: 1930 | C58: City of McAlester | D58: Eufaula | E58: Pittsburg | F58: Arkansas Valley | G58: Bull Creek | H58: 35.02369 | I58: -95.80175 | J58: 620 | K58: 1521 | L58: 13398 | M58: 21.2 | N58: =O58/3.28084 -> 10.69848 | O58: 35.1 | P58: FW, R, WS | Q58: 23 | R58: 640 | S58: ug
A59: Canton | B59: 1948 | C59: Army Corps of Engineers | D59: Panhandle | E59: Blaine | F59: Central Great Plains | G59: North Canadian River | H59: 36.07861 | I59: -98.60649 | J59: 1615 | K59: 7910 | L59: 116000 | M59: 37.8 | N59: =O59/3.28084 -> 10.72896 | O59: 35.2 | P59: AG, AES, FW, R, WS | Q59: 45 | R59: 1000 | S59: ug
A60: Sahoma | B60: 1947 | C60: City of Sapulpa | D60: Middle Arkansas | E60: Creek | F60: =VLOOKUP(E60,Sheet1!$A$1:$B$83,2) -> Cross Timbers | G60: Rock Creek | H60: 36.03422 | I60: -96.15154 | J60: 716 | K60: 277 | L60: 2543 | M60: 8 | N60: =O60/3.28084 -> 10.88136 | O60: 35.7 | P60: FW, R, WS | Q60: 23 | R60: 760 | S60: ug
A61: Dripping Springs | B61: 1976 | C61: City of Okmulgee | D61: Eufaula | E61: Okmulgee | F61: Cross Timbers | G61: Salt Creek | H61: 35.56688 | I61: -96.10019 | J61: 741 | K61: 1055 | L61: 17008 | M61: 22 | N61: =O61/3.28084 -> 10.9728 | O61: 36 | P61: FW, R, WS, AG, AES | Q61: 23 | R61: 760 | S61: ug
A62: Durant | B62: 1994 | C62: City of Durant | D62: Blue-Boggy | E62: Bryan | F62: South Central Plains | G62: Little Blue River | H62: 34.08085 | I62: -96.39425 | J62: 624 | K62: 278 | L62: 4309 | M62: 6.6 | N62: =O62/3.28084 -> 11.1252 | O62: 36.5 | P62: not available | Q62: 26 | R62: 530 | S62: ug
A63: Sportsman | B63: 1958 | C63: City of Seminole | D63: Eufaula | E63: Seminole | F63: =VLOOKUP(E63,Sheet1!$A$1:$B$83,2) -> Cross Timbers | G63: Tiger Creek | H63: 35.21149 | I63: -96.5526 | J63: 868 | K63: 354 | L63: 5349 | M63: 14.3 | N63: =O63/3.28084 -> 11.30808 | O63: 37.1 | P63: FW, R, WS | Q63: 23 | R63: 760 | S63: ug
A64: R.C. Longmire | B64: 1989 | C64: City of Pauls Valley | D64: Lower Washita | E64: Garvin | F64: Cross Timbers | G64: Keel Sandy Creek | H64: 34.75102 | I64: -97.0379 | J64: 979 | K64: 745 | L64: 14424 | M64: 12.1 | N64: =O64/3.28084 -> 11.39952 | O64: 37.4 | P64: FW, R | Q64: 23 | R64: 760 | S64: ug
A65: Fuqua | B65: 1962 | C65: City of Duncan | D65: Lower Washita | E65: Stephens | F65: =VLOOKUP(E65,Sheet1!$A$1:$B$83,2) -> Cross Timbers | G65: Black Bear Creek | H65: 34.59432 | I65: -97.67965 | J65: 1076 | K65: 1500 | L65: 21100 | M65: 19 | N65: =O65/3.28084 -> 11.39952 | O65: 37.4 | P65: FW, R, WS | Q65: 23 | R65: 760 | S65: ug
A66: Fairfax City | B66: 1936 | C66: City of Fairfax | D66: Upper Arkansas | E66: Osage | F66: =VLOOKUP(E66,Sheet1!$A$1:$B$83,2) -> Cross Timbers | G66: Wild Creek | H66: 36.60933 | I66: -96.72475 | J66: 890 | K66: 109 | L66: 1978 | M66: 4.6 | N66: =O66/3.28084 -> 11.43 | O66: 37.5 | P66: FW, R, WS | Q66: 23 | R66: 760 | S66: ug
A67: Wister | B67: 1949 | C67: Army Corps of Engineers | D67: Lower Arkansas | E67: LeFlore | F67: =VLOOKUP(E67,Sheet1!$A$1:$B$83,2) -> Arkansas Valley | G67: Poteau River | H67: 34.93586 | I67: -94.71583 | J67: 478 | K67: 6288 | L67: 50529 | M67: 91.3 | N67: =O67/3.28084 -> 11.46048 | O67: 37.6 | P67: FW, R, WS | Q67: 23 | R67: 640 | S67: ug
A68: Brushy Creek | B68: 1964 | C68: State of OK (leased) | D68: Lower Arkansas | E68: Sequoyah | F68: =VLOOKUP(E68,Sheet1!$A$1:$B$83,2) -> Boston Mountains | G68: Brushy Creek | H68: 35.54277 | I68: -94.81756 | J68: 633 | K68: 227 | L68: 3534 | M68: 5.3 | N68: =O68/3.28084 -> 11.49096 | O68: 37.7 | P68: AG, AES, FW, R, WS | Q68: 17 | R68: 690 | S68: ug
A69: Scott King/Rock Creek | B69: 1979 | C69: City of Ardmore | D69: Lower Washita | E69: Carter | F69: =VLOOKUP(E69,Sheet1!$A$1:$B$83,2) -> Cross Timbers | G69: Rock Creek | H69: 34.25167 | I69: -97.18616 | J69: 808 | K69: 232 | L69: 3550 | M69: 5.3 | N69: =O69/3.28084 -> 11.52144 | O69: 37.8 | P69: FW, R, WS | Q69: 23 | R69: 760 | S69: ug
A70: Carl Etling | B70: 1958 | C70: OK Dept. of Wildlife | D70: Panhandle | E70: Cimarron | F70: =VLOOKUP(E70,Sheet1!$A$1:$B$83,2) -> Southwestern Tablelands | G70: South Carrizo Creek | H70: 36.84201 | I70: -102.88287 | J70: 4298 | K70: 159 | L70: 1717 | M70: 3.8 | N70: =O70/3.28084 -> 11.5824 | O70: 38 | P70: AG, AES, FW, R, WS | Q70: 24 | R70: 770 | S70: ug
A71: Hudson/Bartlesville | B71: 1949 | C71: City of Bartlesville | D71: Middle Arkansas | E71: Osage | F71: =VLOOKUP(E71,Sheet1!$A$1:$B$83,2) -> Cross Timbers | G71: Butler Creek | H71: 36.80923 | I71: -96.03847 | J71: 757 | K71: 268 | L71: 2776 | M71: 9.1 | N71: =O71/3.28084 -> 11.67384 | O71: 38.3 | P71: FW, R, WS | Q71: 22 | R71: 760 | S71: ug
A72: Comanche | B72: 1960 | C72: City of Comanche | D72: Lower Washita | E72: Stephens | F72: =VLOOKUP(E72,Sheet1!$A$1:$B$83,2) -> Cross Timbers | G72: Deer Creek Tributary | H72: 34.3693 | I72: -97.89327 | J72: 1045 | K72: 184 | L72: 2500 | M72: 5.6 | N72: =O72/3.28084 -> 11.79576 | O72: 38.7 | P72: FW, R, AG, AES | Q72: 22 | R72: 760 | S72: ug
A73: Bell Cow | B73: 1990 | C73: City of Chandler | D73: Central | E73: Lincoln | F73: Cross Timbers | G73: Bell Cow Creek | H73: 35.73236 | I73: -96.93928 | J73: 892 | K73: 1153 | L73: 15613 | M73: 13 | N73: =O73/3.28084 -> 11.8872 | O73: 39 | P73: not available | Q73: 22 | R73: 760 | S73: ug
A74: Perry | B74: 1937 | C74: City of Perry | D74: Upper Arkansas | E74: Noble | F74: =VLOOKUP(E74,Sheet1!$A$1:$B$83,2) -> Central Great Plains | G74: Cow Creek | H74: 36.24999 | I74: -97.33598 | J74: 1083 | K74: 557 | L74: 6358 | M74: 12.9 | N74: =O74/3.28084 -> 12.16152 | O74: 39.9 | P74: FW, R, WS | Q74: 42 | R74: 1000 | S74: ug
A75: Waxhoma | B75: 1955 | C75: City of Barnsdall | D75: Middle Arkansas | E75: Osage | F75: =VLOOKUP(E75,Sheet1!$A$1:$B$83,2) -> Cross Timbers | G75: Dog Thresher Creek Tributary | H75: 36.55613 | I75: -96.11624 | J75: 768 | K75: 128 | L75: 1832 | M75: 3.6 | N75: =O75/3.28084 -> 12.16152 | O75: 39.9 | P75: FW, R, WS | Q75: 22 | R75: 760 | S75: ug
A76: Konawa | B76: 1968 | C76: OG&E | D76: Central | E76: Seminole | F76: =VLOOKUP(E76,Sheet1!$A$1:$B$83,2) -> Cross Timbers | G76: Jumper Creek | H76: 34.97075 | I76: -96.70252 | J76: 924 | K76: 1350 | L76: 23000 | M76: 20.3 | N76: =O76/3.28084 -> 12.192 | O76: 40 | P76: FW, R, WS | Q76: 22 | R76: 760 | S76: ug
A77: Humphreys | B77: 1958 | C77: City of Duncan | D77: Lower Washita | E77: Stephens | F77: =VLOOKUP(E77,Sheet1!$A$1:$B$83,2) -> Cross Timbers | G77: Wildhorse Creek | H77: 34.59639 | I77: -97.89119 | J77: 1178 | K77: 882 | L77: 14041 | M77: 16.1 | N77: =O77/3.28084 -> 12.31392 | O77: 40.4 | P77: FW, R, WS | Q77: 22 | R77: 760 | S77: ug
A78: John Wells | B78: 1936 | C78: City of Stigler | D78: Lower Arkansas | E78: Haskell | F78: Arkansas Valley | G78: Sans Bois Creek Tributary | H78: 35.22954 | I78: -95.09737 | J78: 646 | K78: 226 | L78: 3234 | M78: 3.3 | N78: =O78/3.28084 -> 12.55776 | O78: 41.2 | P78: FW, R, WS | Q78: 22 | R78: 640 | S78: ug
A79: Lone Chimney | B79: 1984 | C79: Tri-County Dev. Auth. | D79: Upper Arkansas | E79: Pawnee | F79: =VLOOKUP(E79,Sheet1!$A$1:$B$83,2) -> Central Great Plains | G79: Camp Creek | H79: 36.25298 | I79: -96.83517 | J79: 939 | K79: 514 | L79: 5721 | M79: 18.2 | N79: =O79/3.28084 -> 12.86256 | O79: 42.2 | P79: FW, R, WS | Q79: 42 | R79: 1000 | S79: ug
A80: Mountain | B80: 1956 | C80: City of Ardmore | D80: Lower Washita | E80: Carter | F80: =VLOOKUP(E80,Sheet1!$A$1:$B$83,2) -> Cross Timbers | G80: Hickory Creek | H80: 34.36589 | I80: -97.28462 | J80: 1045 | K80: 215 | L80: 3620 | M80: 5.1 | N80: =O80/3.28084 -> 13.19784 | O80: 43.3 | P80: FW, R, WS | Q80: 22 | R80: 760 | S80: ug
A81: Carl Albert | B81: 1964 | C81: City of Talihina | D81: Southeast | E81: Latimer | F81: =VLOOKUP(E81,Sheet1!$A$1:$B$83,2) -> Ouachita Mountains | G81: Rock Creek | H81: 34.76937 | I81: -95.06522 | J81: 760 | K81: 161 | L81: 2680 | M81: 4.1 | N81: =O81/3.28084 -> 13.19784 | O81: 43.3 | P81: AG, AES, FW, R, WS | Q81: 18 | R81: 600 | S81: ug
A82: Shawnee Twin 1 | B82: 1935 | C82: City of Shawnee | D82: Central | E82: Pottawatomie | F82: Cross Timbers | G82: South Deer Creek | H82: 35.34639 | I82: -97.06048 | J82: 1067 | K82: 1275 | L82: 22600 | M82: 16 | N82: =O82/3.28084 -> 13.2588 | O82: 43.5 | P82: FW, R, WS | Q82: 22 | R82: 760 | S82: ug
A83: McMurtry | B83: 1971 | C83: City of Stillwater | D83: Upper Arkansas | E83: Noble | F83: =VLOOKUP(E83,Sheet1!$A$1:$B$83,2) -> Central Great Plains | G83: North Stillwater Creek | H83: 36.17117 | I83: -97.18881 | J83: 950 | K83: 1155 | L83: 19733 | M83: 23.6 | N83: =O83/3.28084 -> 13.28928 | O83: 43.6 | P83: FW, R, WS | Q83: 42 | R83: 1000 | S83: ug
A84: Pawhuska | B84: 1936 | C84: City of Pawhuska | D84: Middle Arkansas | E84: Osage | F84: =VLOOKUP(E84,Sheet1!$A$1:$B$83,2) -> Cross Timbers | G84: Clear Creek Tributary | H84: 36.6444 | I84: -96.39687 | J84: 889 | K84: 103 | L84: 1806 | M84: 3 | N84: =O84/3.28084 -> 13.47216 | O84: 44.2 | P84: FW, R, WS | Q84: 22 | R84: 760 | S84: ug
A85: Jean Neustadt | B85: 1969 | C85: City of Ardmore | D85: Lower Washita | E85: Carter | F85: =VLOOKUP(E85,Sheet1!$A$1:$B$83,2) -> Cross Timbers | G85: Phillips Creek | H85: 34.28575 | I85: -97.17262 | J85: 809 | K85: 459 | L85: 6399 | M85: 11.6 | N85: =O85/3.28084 -> 13.5636 | O85: 44.5 | P85: FW, R, WS | Q85: 22 | R85: 760 | S85: ug
A86: Greenleaf | B86: 1939 | C86: State of OK (leased) | D86: Lower Arkansas | E86: Muskogee | F86: Boston Mountains | G86: Greenleaf Creek | H86: 35.62424 | I86: -95.17092 | J86: 510 | K86: 718 | L86: 10384 | M86: 19.29 | N86: =O86/3.28084 -> 13.59408 | O86: 44.6 | P86: FW, R, WS | Q86: 17 | R86: 690 | S86: ug
A87: Wayne Wallace | B87: 1969 | C87: State of OK | D87: Lower Arkansas | E87: Latimer | F87: =VLOOKUP(E87,Sheet1!$A$1:$B$83,2) -> Ouachita Mountains | G87: Fourche-Maline | H87: 34.98585 | I87: -95.35711 | J87: 797 | K87: 94 | L87: 1516 | M87: 3.1 | N87: =O87/3.28084 -> 13.77696 | O87: 45.2 | P87: FW, R, WS | Q87: 18 | R87: 600 | S87: ug
A88: Spavinaw | B88: 1924 | C88: City of Tulsa | D88: Grand | E88: Mayes | F88: Central Irregular Plains | G88: Spavinaw Creek | H88: 36.38976 | I88: -95.04201 | J88: 680 | K88: 1548 | L88: 26250 | M88: 23.3 | N88: =O88/3.28084 -> 13.92936 | O88: 45.7 | P88: FW, R, WS | Q88: 25 | R88: 780 | S88: ug
A89: Carl Blackwell | B89: 1937 | C89: OK State University | D89: Upper Arkansas | E89: Payne | F89: =VLOOKUP(E89,Sheet1!$A$1:$B$83,2) -> Central Great Plains | G89: Stillwater Creek | H89: 36.13035 | I89: -97.20797 | J89: 944 | K89: 3370 | L89: 61500 | M89: 59.2 | N89: =O89/3.28084 -> 13.99032 | O89: 45.9 | P89: AG, AES, FW, R, WS | Q89: 42 | R89: 1000 | S89: ug
A90: Holdenville | B90: 1931 | C90: City of Holdenville | D90: Central | E90: Hughes | F90: =VLOOKUP(E90,Sheet1!$A$1:$B$83,2) -> Cross Timbers | G90: Canadian River Tributary | H90: 35.03172 | I90: -96.37074 | J90: 789 | K90: 550 | L90: 11000 | M90: 11.3 | N90: =O90/3.28084 -> 13.99032 | O90: 45.9 | P90: FW, R, WS | Q90: 22 | R90: 760 | S90: ug
A91: Okemah | B91: 1963 | C91: City of Okemah | D91: Central | E91: Okfuskee | F91: =VLOOKUP(E91,Sheet1!$A$1:$B$83,2) -> Cross Timbers | G91: Buckeye Creek | H91: 35.52221 | I91: -96.31873 | J91: 781 | K91: 679 | L91: 10391 | M91: 18.8 | N91: =O91/3.28084 -> 14.11224 | O91: 46.3 | P91: FW, R, WS | Q91: 22 | R91: 760 | S91: ug
A92: Stroud | B92: 1968 | C92: City of Stroud | D92: Central | E92: Creek | F92: =VLOOKUP(E92,Sheet1!$A$1:$B$83,2) -> Cross Timbers | G92: Camp Creek | H92: 35.80179 | I92: -96.60566 | J92: 855 | K92: 600 | L92: 8800 | M92: 14.2 | N92: =O92/3.28084 -> 14.29512 | O92: 46.9 | P92: FW, R, WS | Q92: 22 | R92: 760 | S92: ug
A93: Talawanda 2 | B93: 1924 | C93: City of McAlester | D93: Eufaula | E93: Pittsburg | F93: Arkansas Valley | G93: Coal Creek Tributary | H93: 34.97845 | I93: -95.79443 | J93: 627 | K93: 195 | L93: 2750 | M93: 5.1 | N93: =O93/3.28084 -> 14.38656 | O93: 47.2 | P93: FW, R, WS | Q93: 22 | R93: 640 | S93: ug
A94: Shell | B94: 1922 | C94: City of Sand Springs | D94: Middle Arkansas | E94: Osage | F94: =VLOOKUP(E94,Sheet1!$A$1:$B$83,2) -> Cross Timbers | G94: Shell Creek | H94: 36.18082 | I94: -96.17919 | J94: 725 | K94: 560 | L94: 8234 | M94: 13.6 | N94: =O94/3.28084 -> 14.41704 | O94: 47.3 | P94: FW, R, WS | Q94: 22 | R94: 760 | S94: ug
A95: Stilwell City | B95: 1965 | C95: City of Stilwell | D95: Lower Arkansas | E95: Adair | F95: Ozark Highlands | G95: Sallisaw Creek Tributary | H95: 35.76 | I95: -94.71071 | J95: 947 | K95: 188 | L95: 3218 | M95: 4.1 | N95: =O95/3.28084 -> 14.50848 | O95: 47.6 | P95: FW, R, WS | Q95: 19 | R95: 660 | S95: ug
A96: Arcadia | B96: 1986 | C96: Army Corps of Engineers | D96: Central | E96: Oklahoma | F96: =VLOOKUP(E96,Sheet1!$A$1:$B$83,2) -> Central Great Plains | G96: Deep Fork River | H96: 35.64897 | I96: -97.37731 | J96: 1006 | K96: 1676 | L96: 29544 | M96: 25.6 | N96: =O96/3.28084 -> 14.56944 | O96: 47.8 | P96: AG, AES, FW, R, WS | Q96: 42 | R96: 1000 | S96: ug
A97: Langston | B97: 1966 | C97: City of Langston | D97: Upper Arkansas | E97: Logan | F97: =VLOOKUP(E97,Sheet1!$A$1:$B$83,2) -> Central Great Plains | G97: Fitzgerald Creek Tributary | H97: 35.92443 | I97: -97.27231 | J97: 968 | K97: 282 | L97: 5460 | M97: 9 | N97: =O97/3.28084 -> 14.59992 | O97: 47.9 | P97: FW, R, WS | Q97: 42 | R97: 1000 | S97: ug
A98: Lloyd Church | B98: 1964 | C98: City of Wilburton | D98: Lower Arkansas | E98: Latimer | F98: =VLOOKUP(E98,Sheet1!$A$1:$B$83,2) -> Ouachita Mountains | G98: Bandy Creek Tributary | H98: 34.87914 | I98: -95.33471 | J98: 755 | K98: 154 | L98: 3025 | M98: 3.8 | N98: =O98/3.28084 -> 14.59992 | O98: 47.9 | P98: FW, R, WS | Q98: 18 | R98: 600 | S98: ug
A99: Lloyd Vincent | B99: 1961 | C99: OK Dept. of Wildlife | D99: West Central | E99: Ellis | F99: =VLOOKUP(E99,Sheet1!$A$1:$B$83,2) -> Southwestern Tablelands | G99: Coon Creek | H99: 36.05847 | I99: -99.91731 | J99: 2232 | K99: 142 | L99: 2579 | M99: 3.8 | N99: =O99/3.28084 -> 14.6304 | O99: 48 | P99: FW, R, WS | Q99: 24 | R99: 770 | S99: ug
A100: Lugert-Altus | B100: 1947 | C100: Bureau of Reclamation | D100: Southwest | E100: Greer | F100: Central Great Plains | G100: North Fork of the Red River | H100: 34.88962 | I100: -99.29879 | J100: 1559 | K100: 5089 | L100: 122516 | M100: 32 | N100: =O100/3.28084 -> 14.7828 | O100: 48.5 | P100: FW, R, WS | Q100: 42 | R100: 1000 | S100: ug
...

Sheet Sheet2
A1: county | B1: match
A2: Adair | B2: =MATCH(A2,Sheet1!A:A,0) -> 2
A3: Alfalfa | B3: =MATCH(A3,Sheet1!A:A,0) -> 3
A4: Atoka | B4: =MATCH(A4,Sheet1!A:A,0) -> 4
A5: Beaver | B5: =MATCH(A5,Sheet1!A:A,0) -> 5
A6: Beckham | B6: =MATCH(A6,Sheet1!A:A,0) -> 6
A7: Blaine | B7: =MATCH(A7,Sheet1!A:A,0) -> 7
A8: Bryan | B8: =MATCH(A8,Sheet1!A:A,0) -> 8
A9: Caddo | B9: =MATCH(A9,Sheet1!A:A,0) -> 9
A10: Canadian | B10: =MATCH(A10,Sheet1!A:A,0) -> 10
A11: Carter | B11: =MATCH(A11,Sheet1!A:A,0) -> 11
A12: Cherokee | B12: =MATCH(A12,Sheet1!A:A,0) -> 12
A13: Choctaw | B13: =MATCH(A13,Sheet1!A:A,0) -> 13
... A78: Woodward | B78: =MATCH(A78,Sheet1!A:A,0) -> 83

Sheet Sheet1
A1: County | B1: Ecoregion III | C1: Ecoregion IV | D1: Match
A2: Adair | B2: No Assignment
A3: Alfalfa | B3: No Assignment
A4: Atoka | B4: No Assignment
A5: Beaver | B5: No Assignment
A6: Beckham | B6: Central Great Plains | C6: Rolling Red Hills | D6: =MATCH(A6,Sheet2!A:A,0) -> 6
A7: Blaine | B7: No Assignment
A8: Bryan | B8: No Assignment
A9: Caddo | B9: Central Great Plains | C9: Cross Timbers Transition | D9: =MATCH(A9,Sheet2!A:A,0) -> 9
A10: Canadian | B10: Central Great Plains | C10: Prairie Tableland | D10: =MATCH(A10,Sheet2!A:A,0) -> 10
A11: Carter | B11: Cross Timbers | C11: Arbuckle Mts | D11: =MATCH(A11,Sheet2!A:A,0) -> 11
A12: Cherokee | B12: Boston Mountains | C12: Lower Boston Mountains | D12: =MATCH(A12,Sheet2!A:A,0) -> 12
A13: Choctaw | B13: No Assignment
A14: Cimarron | B14: Southwestern Tablelands | C14: Mesa de Maya/Black Mesa | D14: =MATCH(A14,Sheet2!A:A,0) -> 14
A15: Cleveland | B15: No Assignment
A16: Coal | B16: Arkansas Valley | C16: Lower Canadian Hills | D16: =MATCH(A16,Sheet2!A:A,0) -> 16
A17: Coal | B17: Cross Timbers | C17: Arbuckle Uplift | D17: =MATCH(A17,Sheet2!A:A,0) -> 16
A18: Comanche | B18: No Assignment
A19: Cotton | B19: Central Great Plains | C19: Broken Red Plains | D19: =MATCH(A19,Sheet2!A:A,0) -> 18
A20: Craig | B20: No Assignment
A21: Creek | B21: Cross Timbers | C21: Northern Cross Timbers | D21: =MATCH(A21,Sheet2!A:A,0) -> 20
A22: Custer | B22: No Assignment
A23: Delaware | B23: No Assignment
A24: Dewey | B24: Central Great Plains | C24: Prairie Tableland | D24: =MATCH(A24,Sheet2!A:A,0) -> 23
A25: Ellis | B25: Southwestern Tablelands | C25: Cimmarron/Canadian Breaks | D25: =MATCH(A25,Sheet2!A:A,0) -> 24
A26: Garfield | B26: No Assignment
A27: Garvin | B27: No Assignment
A28: Grady | B28: Cross Timbers | C28: Northern Cross Timbers | D28: =MATCH(A28,Sheet2!A:A,0) -> 27
A29: Grant | B29: No Assignment
A30: Greer | B30: No Assignment
A31: Harmon | B31: Central Great Plains | C31: Red River Tablelands | D31: =MATCH(A31,Sheet2!A:A,0) -> 30
A32: Harper | B32: No Assignment
A33: Haskell | B33: No Assignment
A34: Hughes | B34: Cross Timbers | C34: Northern Cross Timbers | D34: =MATCH(A34,Sheet2!A:A,0) -> 33
A35: Jackson | B35: No Assignment
A36: Jefferson | B36: No Assignment
A37: Johnston | B37: No Assignment
A38: Kay | B38: Flint Hills | C38: Flint Hills | D38: =MATCH(A38,Sheet2!A:A,0) -> 37
A39: Kay | B39: Central Great Plains | C39: Prairie Tableland | D39: =MATCH(A39,Sheet2!A:A,0) -> 37
A40: Kingfisher | B40: No Assignment
A41: Kiowa | B41: Central Great Plains | C41: Wichita Mountains | D41: =MATCH(A41,Sheet2!A:A,0) -> 39
A42: Latimer | B42: Ouachita Mountains | C42: Fourche Mountains | D42: =MATCH(A42,Sheet2!A:A,0) -> 40
A43: Le Flore | B43: Arkansas Valley | C43: Arkansas Valley Plains | D43: =MATCH(A43,Sheet2!A:A,0) -> 41
A44: Lincoln | B44: No Assignment
A45: Logan | B45: Central Great Plains | C45: Cross Timbers Transition | D45: =MATCH(A45,Sheet2!A:A,0) -> 43
A46: Love | B46: No Assignment
A47: Major | B47: No Assignment
A48: Marshall | B48: No Assignment
A49: Mayes | B49: No Assignment
A50: McClain | B50: Central Great Plains | C50: Cross Timbers Transition | D50: =MATCH(A50,Sheet2!A:A,0) -> 48
A51: McCurtain | B51: South Central Plains | C51: Cretaceous Dissected Uplands | D51: =MATCH(A51,Sheet2!A:A,0) -> 49
A52: McCurtain | B52: Ouachita Mountains | C52: Cretaceous Dissected Uplands | D52: =MATCH(A52,Sheet2!A:A,0) -> 49
A53: McIntosh | B53: No Assignment
A54: Murray | B54: Cross Timbers | C54: Northern Cross Timbers | D54: =MATCH(A54,Sheet2!A:A,0) -> 51
A55: Muskogee | B55: No Assignment
A56: Noble | B56: Central Great Plains | C56: Cross Timbers Transition | D56: =MATCH(A56,Sheet2!A:A,0) -> 53
A57: Nowata | B57: No Assignment
A58: Okfuskee | B58: Cross Timbers | C58: Northern Cross Timbers | D58: =MATCH(A58,Sheet2!A:A,0) -> 55
A59: Oklahoma | B59: Central Great Plains | C59: Cross Timbers Transition | D59: =MATCH(A59,Sheet2!A:A,0) -> 56
A60: Okmulgee | B60: No Assignment
A61: Osage | B61: Cross Timbers | C61: Northern Cross Timbers | D61: =MATCH(A61,Sheet2!A:A,0) -> 58
A62: Osage | B62: Flint Hills | C62: Flint Hills | D62: =MATCH(A62,Sheet2!A:A,0) -> 58
A63: Osage | B63: Cross Timbers | C63: Northern Cross Timbers | D63: =MATCH(A63,Sheet2!A:A,0) -> 58
A64: Ottawa | B64: No Assignment
A65: Pawnee | B65: Central Great Plains | C65: Cross Timbers Transition | D65: =MATCH(A65,Sheet2!A:A,0) -> 60
A66: Payne | B66: Central Great Plains | C66: Cross Timbers Transition | D66: =MATCH(A66,Sheet2!A:A,0) -> 61
A67: Pittsburg | B67: No Assignment
A68: Pontotoc | B68: Arkansas Valley | C68: Lower Canadian Hills | D68: =MATCH(A68,Sheet2!A:A,0) -> 63
A69: Pottawatomie | B69: No Assignment
A70: Pushmataha | B70: No Assignment
A71: Roger Mills | B71: No Assignment
A72: Rogers | B72: Central Irregular Plains | C72: Osage Cuestas | D72: =MATCH(A72,Sheet2!A:A,0) -> 67
A73: Seminole | B73: Cross Timbers | C73: Northern Cross Timbers | D73: =MATCH(A73,Sheet2!A:A,0) -> 68
A74: Sequoyah | B74: Boston Mountains | C74: Lower Boston Mountains | D74: =MATCH(A74,Sheet2!A:A,0) -> 69
A75: Stephens | B75: Cross Timbers | C75: Northwestern Cross Timbers | D75: =MATCH(A75,Sheet2!A:A,0) -> 70
A76: Texas | B76: No Assignment
A77: Tillman | B77: Central Great Plains | C77: Red Prairie | D77: =MATCH(A77,Sheet2!A:A,0) -> 72
A78: Tulsa | B78: No Assignment
A79: Wagoner | B79: No Assignment
A80: Washington | B80: Central Irregular Plains | C80: Osage Cuestas | D80: =MATCH(A80,Sheet2!A:A,0) -> 75
A81: Washita | B81: Central Great Plains | C81: Rolling Red Hills | D81: =MATCH(A81,Sheet2!A:A,0) -> 76
A82: Woods | B82: Central Great Plains | C82: Rolling Red Hills | D82: =MATCH(A82,Sheet2!A:A,0) -> 77
A83: Woodward | B83: Central Great Plains | C83: Rolling Red Hills | D83: =MATCH(A83,Sheet2!A:A,0) -> 78
